ctyName,CCISO2,CCISO3,CTRYG
Afghanistan,AF,AFG,AF
Albania,AL,ALB,AL
Algeria,DZ,DZA,DZ
American Samoa,AS,ASM,AS
Angola,AO,AGO,AO
Antigua and Barbuda,AG,ATG,AG
Argentina,AR,ARG,AR
Armenia,AM,ARM,AM
Aruba,AW,ABW,AW
Australia,AU,AUS,AU
Austria,AT,AUT,EU
Azerbaijan,AZ,AZE,AZ
Bahamas,BS,BHS,BS
Bahrain,BH,BHR,BH
Bangladesh,BD,BGD,BD
Barbados,BB,BRB,BB
Belarus,BY,BLR,BY
Belgium,BE,BEL,EU
Belize,BZ,BLZ,BZ
Benin,BJ,BEN,BJ
Bermuda,BM,BMU,BM
Bhutan,BT,BTN,BT
Bolivia,BO,BOL,BO
Bosnia Herzegovina,BA,BIH,BA
Botswana,BW,BWA,BW
Br. Virgin Isds,VG,VGB,VG
Brazil,BR,BRA,BR
Brunei Darussalam,BN,BRN,BN
Bulgaria,BG,BGR,EU
Burkina Faso,BF,BFA,BF
Burundi,BI,BDI,BI
Cabo Verde,CV,CPV,CV
Cambodia,KH,KHM,KH
Cameroon,CM,CMR,CM
Canada,CA,CAN,CA
Cayman Isds,KY,CYM,KY
Central African Rep.,CF,CAF,CF
Chad,TD,TCD,TD
Chile,CL,CHL,CL
China,CN,CHN,CN
"China, Hong Kong SAR",HK,HKG,HK
"China, Macao SAR",MO,MAC,MO
Colombia,CO,COL,CO
Comoros,KM,COM,KM
Congo,CG,COG,CG
Costa Rica,CR,CRI,CR
Côte d'Ivoire,CI,CIV,CI
Croatia,HR,HRV,EU
Cuba,CU,CUB,CU
Cyprus,CY,CYP,EU
Czech Rep.,CZ,CZE,EU
Dem. People's Rep. of Korea,KP,PRK,KP
Dem. Rep. of the Congo,CD,COD,CD
Denmark,DK,DNK,EU
Djibouti,DJ,DJI,DJ
Dominica,DM,DMA,DM
Dominican Rep.,DO,DOM,DO
Ecuador,EC,ECU,EC
Egypt,EG,EGY,EG
El Salvador,SV,SLV,SV
Equatorial Guinea,GQ,GNQ,GQ
Eritrea,ER,ERI,ER
Estonia,EE,EST,EU
Ethiopia,ET,ETH,ET
Faeroe Isds,FO,FRO,FO
Fiji,FJ,FJI,FJ
Finland,FI,FIN,EU
France,FR,FRA,EU
French Polynesia,PF,PYF,PF
Micronesia,FM,FSM,FM
Gabon,GA,GAB,GA
Gambia,GM,GMB,GM
Georgia,GE,GEO,GE
Germany,DE,DEU,EU
Ghana,GH,GHA,GH
Gibraltar,GI,GIB,GI
Greece,GR,GRC,GR
Greenland,GL,GRL,GL
Grenada,GD,GRD,GD
Guam,GU,GUM,GU
Guatemala,GT,GTM,GT
Guinea,GN,GIN,GN
Guinea-Bissau,GW,GNB,GW
Guyana,GY,GUY,GY
Haiti,HT,HTI,HT
Honduras,HN,HND,HN
Hungary,HU,HUN,EU
Iceland,IS,ISL,IS
India,IN,IND,IN
Indonesia,ID,IDN,ID
Iran,IR,IRN,IR
Iraq,IQ,IRQ,IQ
Ireland,IE,IRL,EU
Israel,IL,ISR,IL
Italy,IT,ITA,EU
Jamaica,JM,JAM,JM
Japan,JP,JPN,JP
Jordan,JO,JOR,JO
Kazakhstan,KZ,KAZ,KZ
Kenya,KE,KEN,KE
Kiribati,KI,KIR,KI
Kuwait,KW,KWT,KW
Kyrgyzstan,KG,KGZ,KG
Lao People's Dem. Rep.,LA,LAO,LA
Latvia,LV,LVA,EU
Lebanon,LB,LBN,LB
Lesotho,LS,LSO,LS
Liberia,LR,LBR,LR
Libya,LY,LBY,LY
Lithuania,LT,LTU,EU
Luxembourg,LU,LUX,EU
Madagascar,MG,MDG,MG
Malawi,MW,MWI,MW
Malaysia,MY,MYS,MY
Maldives,MV,MDV,MV
Mali,ML,MLI,ML
Malta,MT,MLT,EU
Marshall Isds,MH,MHL,MH
Mauritania,MR,MRT,MR
Mauritius,MU,MUS,MU
Mexico,MX,MEX,MX
Mongolia,MN,MNG,MN
Montenegro,ME,MNE,ME
Morocco,MA,MAR,MA
Mozambique,MZ,MOZ,MZ
Myanmar,MM,MMR,MM
N. Mariana Isds,MP,MNP,MP
Namibia,NA,NAM,NA
Nauru,NR,NRU,NR
Nepal,NP,NPL,NP
Netherlands,NL,NLD,EU
New Caledonia,NC,NCL,NC
New Zealand,NZ,NZL,NZ
Nicaragua,NI,NIC,NI
Niger,NE,NER,NE
Nigeria,NG,NGA,NG
Norway,NO,NOR,NO
Oman,OM,OMN,OM
Pakistan,PK,PAK,PK
Palau,PW,PLW,PW
Panama,PA,PAN,PA
Papua New Guinea,PG,PNG,PG
Paraguay,PY,PRY,PY
Peru,PE,PER,PE
Philippines,PH,PHL,PH
Poland,PL,POL,EU
Portugal,PT,PRT,EU
Qatar,QA,QAT,QA
Rep. of Korea,KR,KOR,KR
Rep. of Moldova,MD,MDA,MD
Romania,RO,ROU,EU
Russian Federation,RU,RUS,RU
Rwanda,RW,RWA,RW
"Saint Kitts, Nevis and Anguilla",KN,KNA,KN
Saint Lucia,LC,LCA,LC
Saint Vincent and the Grenadines,VC,VCT,VC
Samoa,WS,WSM,WS
San Marino,SM,SMR,SM
Sao Tome and Principe,ST,STP,ST
Saudi Arabia,SA,SAU,SA
Senegal,SN,SEN,SN
Serbia,RS,SRB,RS
Seychelles,SC,SYC,SC
Sierra Leone,SL,SLE,SL
Singapore,SG,SGP,SG
Slovakia,SK,SVK,EU
Slovenia,SI,SVN,EU
Solomon Islands,SB,SLB,SB
Somalia,SO,SOM,SO
South Africa,ZA,ZAF,ZA
Spain,ES,ESP,EU
Sri Lanka,LK,LKA,LK
State of Palestine,PS,PSE,PS
Sudan,SD,SDN,SD
Suriname,SR,SUR,SR
Eswatini,SZ,SWZ,SZ
Sweden,SE,SWE,EU
Switzerland,CH,CHE,CH
Syria,SY,SYR,SY
Tajikistan,TJ,TJK,TJ
Macedonia,MK,MKD,MK
Thailand,TH,THA,TH
Timor-Leste,TL,TLS,TL
Togo,TG,TGO,TG
Tonga,TO,TON,TO
Trinidad and Tobago,TT,TTO,TT
Tunisia,TN,TUN,TN
Turkey,TR,TUR,TR
Turkmenistan,TM,TKM,TM
Turks and Caicos Isds,TC,TCA,TC
Tuvalu,TV,TUV,TV
Taiwan,TW,TWN,TW
Uganda,UG,UGA,UG
Ukraine,UA,UKR,UA
United Arab Emirates,AE,ARE,AE
United Kingdom,GB,GBR,GB
United Rep. of Tanzania,TZ,TZA,TZ
Uruguay,UY,URY,UY
US Virgin Isds,VI,VIR,VI
USA,US,USA,US
Uzbekistan,UZ,UZB,UZ
Vanuatu,VU,VUT,VU
Venezuela,VE,VEN,VE
Viet Nam,VN,VNM,VN
Yemen,YE,YEM,YE
Zambia,ZM,ZMB,ZM
Zimbabwe,ZW,ZWE,ZW